{
  "accuracy": 0.3387096774193548,
  "precision": 0.11290322580645161,
  "recall": 0.3333333333333333,
  "f1": 0.1686746987951807
}